https://www.pm.gc.ca/en/news/media-advisories/2026/05/19/wednesday-may-20-2026;Vancouver, British Columbia;8:15 a.m.;The Prime Minister will deliver remarks and participate in a featured conversation with the Greater Vancouver Board of Trade.;Notes for media:Open coverageMedia wishing to cover the event are asked to contact media@pmo-cpm.gc.ca to confirm their attendance. Details on how to participate will be provided upon registration.Media are asked to arrive no later than 7:30 a.m.
https://www.pm.gc.ca/en/news/media-advisories/2026/05/19/wednesday-may-20-2026;Vancouver, British Columbia;9:30 a.m.; The Prime Minister will meet with the Premier of British Columbia, David Eby.;Note for media:Pooled photo opportunity at the beginning of the meeting
https://www.pm.gc.ca/en/news/media-advisories/2026/05/19/update-tuesday-may-19-2026;Saint-Michel-des-Saints, Québec;12:10 p.m.;The Prime Minister will announce an important initiative to build a stronger, more resilient economy.;Notes for media:Open coverageMedia wishing to cover the event are asked to contact media@pmo-cpm.gc.ca to confirm their attendance. Details on how to participate will be provided upon registration.Media are asked to arrive no later than 10:45 a.m.
https://www.pm.gc.ca/en/news/media-advisories/2026/05/19/update-tuesday-may-19-2026;Ottawa, Ottawa;7:00 p.m.;The Prime Minister will attend a dinner hosted by the Governor General, Her Excellency the Right Honourable Mary Simon, to welcome His Majesty King Felipe VI, King of Spain.;Closed to media
https://www.pm.gc.ca/en/news/media-advisories/2026/05/14/friday-may-15-2026;Calgary, Alberta;11:35 a.m.; The Prime Minister will deliver brief remarks and participate in a signing ceremony with the Premier of Alberta, Danielle Smith, for an implementation agreement to strengthen energy collaboration and build a stronger, more competitive, and more sustainable economy.;Note for media:Pooled photo opportunity
https://www.pm.gc.ca/en/news/media-advisories/2026/05/14/friday-may-15-2026;Calgary, Alberta;11:50 a.m.; The Prime Minister will meet with the Premier of Alberta, Danielle Smith.;Closed to media
https://www.pm.gc.ca/en/news/media-advisories/2026/05/14/friday-may-15-2026;Calgary, Alberta;1:10 p.m.; The Prime Minister will meet with unionised skilled trades workers.;Note for media:Pooled photo opportunity
https://www.pm.gc.ca/en/news/media-advisories/2026/05/14/friday-may-15-2026;Calgary, Alberta;1:25 p.m.; The Prime Minister will hold a brief media availability.;Notes for media:Open coverageMedia wishing to cover the event are asked to contact media@pmo-cpm.gc.ca to confirm their attendance. Details on how to participate will be provided upon registration.Media are asked to arrive no later than 12:30 p.m.
https://www.pm.gc.ca/en/news/media-advisories/2026/05/13/thursday-may-14-2026;Ottawa, Ottawa;10:00 a.m.;The Prime Minister will announce a new agenda to deliver clean, affordable, and reliable energy for Canadians.;Third FloorWest BlockParliament HillNotes for media:Open coverageMedia wishing to cover the event must be accredited with the Canadian Parliamentary Press Gallery.
https://www.pm.gc.ca/en/news/media-advisories/2026/05/12/wednesday-may-13-2026;Ottawa, Ottawa;9:10 a.m.; The Prime Minister will meet Canadian Space Agency astronauts Jeremy Hansen and Jenni Gibbons, as well as members of the Artemis II crew.;Note for media:Pooled photo opportunity at the beginning of the meeting
https://www.pm.gc.ca/en/news/media-advisories/2026/05/12/wednesday-may-13-2026;Ottawa, Ottawa;9:50 a.m.; The Prime Minister will participate in an activity with students alongside Canadian Space Agency astronauts Jeremy Hansen and Jenni Gibbons, as well as members of the Artemis II crew.;Note for media:Pooled photo opportunity
https://www.pm.gc.ca/en/news/media-advisories/2026/05/12/wednesday-may-13-2026;Ottawa, Ottawa;11:30 a.m.; The Prime Minister will chair the Cabinet meeting.;Virtual meeting, closed to media
https://www.pm.gc.ca/en/news/media-advisories/2026/05/08/saturday-may-9-2026;Toronto, Ontario;2:00 p.m.; The Prime Minister will deliver remarks at the 2026 Global Progress Action Summit.;Notes for media:Open coverageMedia wishing to cover the event are asked to contact media@pmo-cpm.gc.ca to confirm their attendance. Details on how to participate will be provided upon registration.Media are asked to arrive no later than 1:00 p.m.
https://www.pm.gc.ca/en/news/media-advisories/2026/05/07/friday-may-8-2026;Ottawa, Ottawa;9:30 a.m.;The Prime Minister will meet with the Premier of Alberta, Danielle Smith.;Note for media:Pooled photo opportunity at the beginning of the meeting
https://www.pm.gc.ca/en/news/media-advisories/2026/05/07/friday-may-8-2026;Toronto, Ontario;4:20 p.m.;The Prime Minister will visit a youth sports facility.;Note for media:Pooled photo opportunity
https://www.pm.gc.ca/en/news/media-advisories/2026/05/07/friday-may-8-2026;Toronto, Ontario;5:30 p.m.;The Prime Minister will meet with the President of Guyana, Dr. Mohamed Irfaan Ali.;Note for media:Pooled photo opportunity at the beginning of the meeting
https://www.pm.gc.ca/en/news/media-advisories/2026/05/07/friday-may-8-2026;Toronto, Ontario;7:00 p.m.;The Prime Minister will attend a dinner hosted by Canada 2020.;Closed to media
https://www.pm.gc.ca/en/news/media-advisories/2026/05/06/thursday-may-7-2026;Ottawa, Ottawa;9:00 a.m.;The Prime Minister will chair the Cabinet meeting.;West BlockParliament Hill
https://www.pm.gc.ca/en/news/media-advisories/2026/05/06/thursday-may-7-2026;Ottawa, Ottawa;2:00 p.m.;The Prime Minister will meet with Her Royal Highness Princess Margriet of the Netherlands.;Note for media:Pooled photo opportunity at the beginning of the meeting
https://www.pm.gc.ca/en/news/media-advisories/2026/05/05/wednesday-may-6-2026;Ottawa, Ottawa;10:00 a.m.; The Prime Minister will attend the National Caucus meeting.;West BlockParliament Hill
https://www.pm.gc.ca/en/news/media-advisories/2026/05/05/wednesday-may-6-2026;Mirabel, Québec;2:25 p.m.; The Prime Minister will participate in an event to announce a new investment in the Canadian aerospace industry.;Notes for media:Open coverageMedia wishing to cover the event are asked to contact media@pmo-cpm.gc.ca to confirm their attendance. Details on how to participate will be provided upon registration.Media are asked to arrive no later than 1:45 p.m.
https://www.pm.gc.ca/en/news/media-advisories/2026/05/05/wednesday-may-6-2026;Mirabel, Québec;4:25 p.m.; The Prime Minister will visit a local business to highlight recent funding to protect our workers and industries.;Note for media:Pooled photo opportunity
https://www.pm.gc.ca/en/news/media-advisories/2026/05/04/tuesday-may-5-2026;Ottawa, Ottawa;8:45 a.m.;The Prime Minister will participate in a Sacred Bundle Ceremony with the National Family and Survivors Circle to commemorate the National Day of Awareness for Missing and Murdered Indigenous Women, Girls and 2SLGBTQI+ People.;Closed to media
https://www.pm.gc.ca/en/news/media-advisories/2026/05/04/tuesday-may-5-2026;Ottawa, Ottawa;10:30 a.m.;The Prime Minister will announce a new appointment.;Notes for media:Open coverageMedia wishing to cover the event are asked to contact media@pmo-cpm.gc.ca to confirm their attendance. Details on how to participate will be provided upon registration.Media are asked to arrive no later than 9:45 a.m.
https://www.pm.gc.ca/en/news/media-advisories/2026/05/04/tuesday-may-5-2026;Ottawa, Ottawa;2:15 p.m.;The Prime Minister will attend Question Period.;West BlockParliament Hill
https://www.pm.gc.ca/en/news/media-advisories/2026/05/03/monday-may-4-2026;Yerevan, Armenia;9:00 a.m.;The Prime Minister will arrive at the 8th European Political Community Summit.;Note for media:Open coverage for accredited media
https://www.pm.gc.ca/en/news/media-advisories/2026/05/03/monday-may-4-2026;Yerevan, Armenia;10:15 a.m.;The Prime Minister will meet with the President of the European Council, António Costa, and the President of the European Commission, Ursula von der Leyen.;Note for media:Pooled photo opportunity at the beginning of the meeting
https://www.pm.gc.ca/en/news/media-advisories/2026/05/03/monday-may-4-2026;Yerevan, Armenia;11:30 a.m.;The Prime Minister will deliver remarks at the Plenary Session of the 8th European Political Community Summit.;Note for media:Host broadcaster
https://www.pm.gc.ca/en/news/media-advisories/2026/05/03/monday-may-4-2026;Yerevan, Armenia;1:15 p.m.;The Prime Minister will meet with the Prime Minister of Spain, Pedro Sánchez.;Note for media:Pooled photo opportunity at the beginning of the meeting
https://www.pm.gc.ca/en/news/media-advisories/2026/05/03/monday-may-4-2026;Yerevan, Armenia;1:50 p.m.;The Prime Minister will meet with the President of Ukraine, Volodymyr Zelenskyy.;Note for media:Pooled photo opportunity at the beginning of the meeting
https://www.pm.gc.ca/en/news/media-advisories/2026/05/03/monday-may-4-2026;Yerevan, Armenia;2:15 p.m.;The Prime Minister will participate in a roundtable discussion on the theme of “Strengthening connectivity and economic security in the context of the green transition”.;Closed to media
https://www.pm.gc.ca/en/news/media-advisories/2026/05/03/monday-may-4-2026;Yerevan, Armenia;3:15 p.m.;The Prime Minister will meet with the Prime Minister of Italy, Giorgia Meloni.;Note for media:Pooled photo opportunity at the beginning of the meeting
https://www.pm.gc.ca/en/news/media-advisories/2026/05/03/monday-may-4-2026;Yerevan, Armenia;4:30 p.m.;The Prime Minister will meet with the President of France, Emmanuel Macron.;Note for media:Pooled photo opportunity at the beginning of the meeting
https://www.pm.gc.ca/en/news/media-advisories/2026/05/03/monday-may-4-2026;Yerevan, Armenia;6:00 p.m.;The Prime Minister will depart for Ottawa, Canada.;Closed to media
https://www.pm.gc.ca/en/news/media-advisories/2026/05/03/monday-may-4-2026;Ottawa, Ottawa;10:15 p.m.;The Prime Minister will arrive in Ottawa, Canada.;Closed to media
https://www.pm.gc.ca/en/news/media-advisories/2026/05/02/sunday-may-3-2026;Yerevan, Armenia;11:00 a.m.;The Prime Minister will arrive in Yerevan, Armenia.;Note for media:Pooled photo opportunity
https://www.pm.gc.ca/en/news/media-advisories/2026/05/02/sunday-may-3-2026;Yerevan, Armenia;2:50 p.m.;The Prime Minister will meet with the Prime Minister of Armenia, Nikol Pashinyan.;Note for media:Pooled photo opportunity at the beginning of the meeting
https://www.pm.gc.ca/en/news/media-advisories/2026/05/02/sunday-may-3-2026;Yerevan, Armenia;6:45 p.m.;The Prime Minister will meet with the Prime Minister of Poland, Donald Tusk.;Note for media:Pooled photo opportunity at the beginning of the meeting
https://www.pm.gc.ca/en/news/media-advisories/2026/05/02/sunday-may-3-2026;Yerevan, Armenia;7:25 p.m.;The Prime Minister will meet with the President of the European Parliament, Roberta Metsola.;Note for media:Pooled photo opportunity at the beginning of the meeting
https://www.pm.gc.ca/en/news/media-advisories/2026/05/02/sunday-may-3-2026;Yerevan, Armenia;8:00 p.m.;The Prime Minister will attend a working dinner hosted by the President of Armenia, Vahagn Khachaturyan, and the Prime Minister of Armenia, Nikol Pashinyan.;Closed to media
https://www.pm.gc.ca/en/news/media-advisories/2026/05/01/saturday-may-2-2026;Ottawa, Ottawa;4:00 p.m.; The Prime Minister will depart for Yerevan, Armenia, to participate in the 8th European Political Community Summit.;Note for media:Pooled photo opportunity
https://www.pm.gc.ca/en/news/media-advisories/2026/04/29/thursday-april-30-2026;Oakville, Ontario;11:55 a.m.; The Prime Minister will meet with skilled trades workers.;Note for media:Pooled photo opportunity
https://www.pm.gc.ca/en/news/media-advisories/2026/04/29/thursday-april-30-2026;Oakville, Ontario;12:15 p.m.; The Prime Minister will hold a brief media availability.;Notes for media:Open coverageMedia wishing to cover the event are asked to contact media@pmo-cpm.gc.ca to confirm their attendance. Details on how to participate will be provided upon registration.Media are asked to arrive no later than 11:15 a.m.
https://www.pm.gc.ca/en/news/media-advisories/2026/04/28/wednesday-april-29-2026;Ottawa, Ottawa;10:00 a.m.;The Prime Minister will attend the National Caucus meeting.;West BlockParliament Hill
https://www.pm.gc.ca/en/news/media-advisories/2026/04/28/wednesday-april-29-2026;Ottawa, Ottawa;2:15 p.m.;The Prime Minister will attend Question Period.;West BlockParliament Hill
https://www.pm.gc.ca/en/news/media-advisories/2026/04/28/wednesday-april-29-2026;Ottawa, Ottawa;4:30 p.m.;The Prime Minister will deliver remarks to trade union workers.;Notes for media:Open coverageMedia wishing to cover the event are asked to contact media@pmo-cpm.gc.ca to confirm their attendance. Details on how to participate will be provided upon registration.Media are asked to arrive no later than 3:45 p.m.
https://www.pm.gc.ca/en/news/media-advisories/2026/04/27/tuesday-april-28-2026;Ottawa, Ottawa;10:00 a.m.; The Prime Minister will chair the Cabinet meeting.;West BlockParliament Hill
https://www.pm.gc.ca/en/news/media-advisories/2026/04/27/tuesday-april-28-2026;Ottawa, Ottawa;3:45 p.m.; The Prime Minister will meet with the Minister of Finance and National Revenue, François-Philippe Champagne, prior to tabling the 2026 Spring Economic Update.;West BlockParliament HillNote for media:Pooled photo opportunity at the beginning of the meeting
https://www.pm.gc.ca/en/news/media-advisories/2026/04/27/tuesday-april-28-2026;Ottawa, Ottawa;4:00 p.m.; The Prime Minister will attend the tabling of the 2026 Spring Economic Update in the House of Commons.;West BlockParliament Hill
https://www.pm.gc.ca/en/news/media-advisories/2026/04/26/monday-april-27-2026;Ottawa, Ottawa;9:15 a.m.;The Prime Minister will announce a new measure to build Canada strong for all.;Notes for media:Open coverageMedia wishing to cover the event are asked to contact media@pmo-cpm.gc.ca to confirm their attendance. Details on how to participate will be provided upon registration.Media are asked to arrive no later than 8:15 a.m.
https://www.pm.gc.ca/en/news/media-advisories/2026/04/22/thursday-april-23-2026;Ottawa, Ottawa;10:00 a.m.;The Prime Minister will announce new measures to accelerate homebuilding in Ottawa.;Notes for media:Open coverageMedia wishing to cover the event are asked to contact media@pmo-cpm.gc.ca to confirm their attendance. Details on how to participate will be provided upon registration.Media are asked to arrive no later than 9:15 a.m.
https://www.pm.gc.ca/en/news/media-advisories/2026/04/21/wednesday-april-22-2026;Ottawa, Ottawa;10:00 a.m.;The Prime Minister will attend the National Caucus meeting.;West BlockParliament Hill
https://www.pm.gc.ca/en/news/media-advisories/2026/04/21/wednesday-april-22-2026;Ottawa, Ottawa;1:15 p.m.;The Prime Minister will meet with students to mark Earth Day.;Note for media:Pooled photo opportunity 
https://www.pm.gc.ca/en/news/media-advisories/2026/04/20/tuesday-april-21-2026;Ottawa, Ottawa;10:00 a.m.; The Prime Minister will chair the Cabinet meeting.;West BlockParliament Hill
https://www.pm.gc.ca/en/news/media-advisories/2026/04/20/tuesday-april-21-2026;Ottawa, Ottawa;2:15 p.m.; The Prime Minister will attend Question Period.;West BlockParliament Hill
https://www.pm.gc.ca/en/news/media-advisories/2026/04/19/monday-april-20-2026;Ottawa, Ottawa;11:00 a.m.; The Prime Minister will meet with the Premier of New Brunswick, Susan Holt.;Note for media:Pooled photo opportunity at the beginning of the meeting
https://www.pm.gc.ca/en/news/media-advisories/2026/04/16/friday-april-17-2026;Ottawa, Ottawa;11:15 a.m.; The Prime Minister will meet with the Premier of Québec, Christine Fréchette.;Note for media:Pooled photo opportunity at the beginning of the meeting
https://www.pm.gc.ca/en/news/media-advisories/2026/04/14/wednesday-april-15-2026;Ottawa, Ottawa;10:00 a.m.; The Prime Minister will attend the National Caucus meeting.;West BlockParliament Hill
https://www.pm.gc.ca/en/news/media-advisories/2026/04/14/wednesday-april-15-2026;Ottawa, Ottawa;2:15 p.m.; The Prime Minister will attend Question Period.;West BlockParliament Hill
https://www.pm.gc.ca/en/news/media-advisories/2026/04/13/tuesday-april-14-2026;Ottawa, Ottawa;10:00 a.m.; The Prime Minister will announce new measures to bring down costs for Canadians.;Third floorWest BlockParliament HillNotes for media:Open coverageMedia wishing to cover the event must be accredited with the Canadian Parliamentary Press Gallery.
https://www.pm.gc.ca/en/news/media-advisories/2026/04/13/tuesday-april-14-2026;Ottawa, Ottawa;12:50 p.m.; The Prime Minister will join the President of Finland, Alexander Stubb, to participate in a practice with the Ottawa Charge.;Note for media:Pooled photo opportunity
https://www.pm.gc.ca/en/news/media-advisories/2026/04/13/tuesday-april-14-2026;Ottawa, Ottawa;1:40 p.m.; The Prime Minister will welcome the President of Finland, Alexander Stubb, to Parliament.;Mackenzie DoorsWest BlockParliament HillNote for media:Pooled photo opportunity
https://www.pm.gc.ca/en/news/media-advisories/2026/04/13/tuesday-april-14-2026;Ottawa, Ottawa;1:50 p.m.; The Prime Minister will meet with the President of Finland, Alexander Stubb.;Third floorWest BlockParliament HillNote for media:Pooled photo opportunity at the beginning of the meeting
https://www.pm.gc.ca/en/news/media-advisories/2026/04/13/tuesday-april-14-2026;Ottawa, Ottawa;4:00 p.m.; The Prime Minister will meet with the Premier of Manitoba, Wab Kinew.;Note for media:Pooled photo opportunity at the beginning of the meeting
https://www.pm.gc.ca/en/news/media-advisories/2026/04/13/tuesday-april-14-2026;Ottawa, Ottawa;6:00 p.m.; The Prime Minister will host a working dinner for the President of Finland, Alexander Stubb.;Closed to media
https://www.pm.gc.ca/en/news/media-advisories/2026/04/12/monday-april-13-2026;Ottawa, Ottawa;6:00 p.m.;The Prime Minister will attend and deliver remarks at an event to celebrate Vaisakhi and Sikh Heritage Month.;Note for media:Pooled coverage of Prime Minister’s remarks
https://www.pm.gc.ca/en/news/media-advisories/2026/04/08/thursday-april-9-2026;Montérégie, Québec;11:00 a.m.; The Prime Minister will announce an important initiative to diversify Canada’s trade and build a stronger, more resilient economy.;Notes for media:Open coverageMedia wishing to cover the event are asked to contact media@pmo-cpm.gc.ca to confirm their attendance. Details on how to participate will be provided upon registration.Media are asked to arrive no later than 10:00 a.m.
https://www.pm.gc.ca/en/news/media-advisories/2026/04/08/update-wednesday-april-8-2026;Ottawa, Ottawa;9:30 a.m.; The Prime Minister will chair the Cabinet meeting.;Virtual meeting, closed to media
https://www.pm.gc.ca/en/news/media-advisories/2026/04/08/update-wednesday-april-8-2026;Ottawa, Ottawa;12:00 p.m.; The Prime Minister will meet with the Member of Parliament for Sarnia—Lambton—Bkejwanong.;Note for media:Pooled photo opportunity at the beginning of the meeting
https://www.pm.gc.ca/en/news/media-advisories/2026/04/08/update-wednesday-april-8-2026;Ottawa, Ottawa;7:20 p.m.; The Prime Minister will speak with Canadian astronaut Jeremy Hansen and the Artemis II crew.;Note for media:The event will be livestreamed on the Canadian Space Agency’s YouTube channel.
https://www.pm.gc.ca/en/news/media-advisories/2026/04/06/tuesday-april-7-2026;Brampton, Ontario;10:30 a.m.;The Prime Minister will announce new measures to build local infrastructure.;Notes for media:Open coverageMedia wishing to cover the event are asked to contact media@pmo-cpm.gc.ca to confirm their attendance. Details on how to participate will be provided upon registration.Media are asked to arrive no later than 9:45 a.m.
https://www.pm.gc.ca/en/news/media-advisories/2026/04/06/tuesday-april-7-2026;Brampton, Ontario;11:40 a.m.;The Prime Minister will tour a local law enforcement facility, joined by the Mayor of Brampton, Patrick Brown.;Note for media:Pooled photo opportunity
https://www.pm.gc.ca/en/news/media-advisories/2026/03/30/tuesday-march-31-2026;Wakefield, Québec;11:25 a.m.;The Prime Minister will announce new measures to protect Canada’s land and waters.;Notes for media:Open coverageMedia wishing to cover the event are asked to contact media@pmo-cpm.gc.ca to confirm their attendance. Details on how to participate will be provided upon registration.Media are asked to arrive no later than 10:45 a.m.
https://www.pm.gc.ca/en/news/media-advisories/2026/03/29/monday-march-30-2026;Toronto, Ontario;10:40 a.m.;The Prime Minister will meet with the Premier of Ontario, Doug Ford.;Closed to media
https://www.pm.gc.ca/en/news/media-advisories/2026/03/29/monday-march-30-2026;Toronto, Ontario;11:00 a.m.;The Prime Minister will announce new measures to accelerate homebuilding.;Notes for media:Open coverageMedia wishing to cover the event are asked to contact media@pmo-cpm.gc.ca to confirm their attendance. Details on how to participate will be provided upon registration.Media are asked to arrive no later than 10:15 a.m.
https://www.pm.gc.ca/en/news/media-advisories/2026/03/28/sunday-march-29-2026;Hamilton, Ontario;5:15 p.m.;The Prime Minister will meet with workers.;Note for media:Pooled photo opportunity
https://www.pm.gc.ca/en/news/media-advisories/2026/03/28/sunday-march-29-2026;Hamilton, Ontario;8:00 p.m.;The Prime Minister will attend the 2026 JUNO Awards.;Note for media:Host broadcaster
https://www.pm.gc.ca/en/news/media-advisories/2026/03/27/update-friday-march-27-2026;Halifax, Nova Scotia;9:00 a.m.;The Prime Minister will deliver remarks and participate in a featured conversation at the Halifax Chamber of Commerce.;Notes for media:Open coverageMedia wishing to cover the event are asked to contact media@pmo-cpm.gc.ca to confirm their attendance. Details on how to participate will be provided upon registration.Media are asked to arrive no later than 7:30 a.m.
https://www.pm.gc.ca/en/news/media-advisories/2026/03/27/update-friday-march-27-2026;Halifax, Nova Scotia;10:00 a.m.;The Prime Minister will meet with the Premier of Nova Scotia, Tim Houston.;Note for media:Pooled photo opportunity at the beginning of the meeting
https://www.pm.gc.ca/en/news/media-advisories/2026/03/27/update-friday-march-27-2026;Pubnico, Nova Scotia;12:55 p.m.;The Prime Minister will meet with local lobster harvesters and community members.;Note for media:Pooled photo opportunity
https://www.pm.gc.ca/en/news/media-advisories/2026/03/25/thursday-march-26-2026;Halifax, Nova Scotia;11:15 a.m.; The Prime Minister will tour a Royal Canadian Navy vessel.;Note for media:Pooled photo opportunity
https://www.pm.gc.ca/en/news/media-advisories/2026/03/25/thursday-march-26-2026;Halifax, Nova Scotia;11:30 a.m.; The Prime Minister will announce new measures to strengthen the Canadian Armed Forces.;Notes for media:Open coverageMedia wishing to cover the event are asked to contact media@pmo-cpm.gc.ca to confirm their attendance. Details on how to participate will be provided upon registration.Media are asked to arrive no later than 10:30 a.m.
https://www.pm.gc.ca/en/news/media-advisories/2026/03/25/thursday-march-26-2026;Halifax, Nova Scotia;1:35 p.m.; The Prime Minister will visit an aerospace and defence manufacturing facility.;Note for media:Pooled photo opportunity
https://www.pm.gc.ca/en/news/media-advisories/2026/03/24/wednesday-march-25-2026;Ottawa, Ottawa;10:00 a.m.; The Prime Minister will attend the National Caucus meeting.;West BlockParliament Hill
https://www.pm.gc.ca/en/news/media-advisories/2026/03/24/wednesday-march-25-2026;Ottawa, Ottawa;2:00 p.m.; The Prime Minister will attend Question Period.;West BlockParliament Hill
https://www.pm.gc.ca/en/news/media-advisories/2026/03/24/wednesday-march-25-2026;Ottawa, Ottawa;4:00 p.m.; The Prime Minister will meet with His Highness Prince Rahim Aga Khan V.;Note for media:Pooled photo opportunity at the beginning of the meeting
https://www.pm.gc.ca/en/news/media-advisories/2026/03/24/wednesday-march-25-2026;Ottawa, Ottawa;5:15 p.m.; The Prime Minister will attend a dinner hosted by the Governor General, Her Excellency the Right Honourable Mary Simon, to welcome His Highness the Aga Khan to Canada.;Closed to media
https://www.pm.gc.ca/en/news/media-advisories/2026/03/23/tuesday-march-24-2026;Ottawa, Ottawa;7:50 a.m.;The Prime Minister will deliver remarks at the National Prayer Breakfast.;Notes for media:Open coverageMedia wishing to cover the event are asked to contact media@pmo-cpm.gc.ca to confirm their attendance. Details on how to participate will be provided upon registration.Media are asked to arrive no later than 6:30 a.m.
https://www.pm.gc.ca/en/news/media-advisories/2026/03/23/tuesday-march-24-2026;Ottawa, Ottawa;10:00 a.m.;The Prime Minister will chair the Cabinet meeting.;West Block Parliament Hill
https://www.pm.gc.ca/en/news/media-advisories/2026/03/15/monday-march-16-2026;London, United Kingdom;8:00 a.m.; The Prime Minister will arrive at 10 Downing Street and be greeted by the Prime Minister of the United Kingdom, Sir Keir Starmer.;Note for media:Open coverage for accredited media
https://www.pm.gc.ca/en/news/media-advisories/2026/03/15/monday-march-16-2026;London, United Kingdom;8:05 a.m.; The Prime Minister will meet with the Prime Minister of the United Kingdom, Sir Keir Starmer.;Note for media:Pooled photo opportunity at the beginning of the meeting
https://www.pm.gc.ca/en/news/media-advisories/2026/03/14/sunday-march-15-2026;Oslo, Norway;10:00 a.m.; The Prime Minister will meet with the Prime Minister of Norway, Jonas Gahr Střre, the Prime Minister of Denmark, Mette Frederiksen, the Prime Minister of Finland, Petteri Orpo, the Prime Minister of Iceland, Kristrún Frostadóttir, and the Prime Minister of Sweden, Ulf Kristersson, as part of the Canada-Nordic Summit.;Note for media:Pooled photo opportunity
https://www.pm.gc.ca/en/news/media-advisories/2026/03/14/sunday-march-15-2026;Oslo, Norway;11:30 a.m.; The Prime Minister will participate in a joint media availability with Nordic leaders.;Note for media:Open coverage for accredited media
https://www.pm.gc.ca/en/news/media-advisories/2026/03/14/sunday-march-15-2026;Oslo, Norway;12:30 p.m.; The Prime Minister will participate in a working luncheon as part of the Canada-Nordic Summit.;Closed to media
https://www.pm.gc.ca/en/news/media-advisories/2026/03/14/sunday-march-15-2026;Oslo, Norway;3:45 p.m.; The Prime Minister will depart for London, United Kingdom.;Note for media:Pooled photo opportunity
https://www.pm.gc.ca/en/news/media-advisories/2026/03/14/sunday-march-15-2026;London, United Kingdom;5:15 p.m.; The Prime Minister will arrive in London, United Kingdom.;Note for media:Pooled photo opportunity
https://www.pm.gc.ca/en/news/media-advisories/2026/03/13/saturday-march-14-2026;Holmenkollen, Norway;1:30 p.m.;The Prime Minister will meet with Canadian athletes participating in the International Ski Federation Nordic World Cup.;Note for media:Pooled photo opportunity
https://www.pm.gc.ca/en/news/media-advisories/2026/03/13/saturday-march-14-2026;Oslo, Norway;6:00 p.m.;The Prime Minister will attend a working dinner hosted by the Prime Minister of Norway, Jonas Gahr Střre.;Closed to media
https://www.pm.gc.ca/en/news/media-advisories/2026/03/12/friday-march-13-2026;Oslo, Norway;9:45 a.m.;The Prime Minister will arrive in Oslo, Norway.;Note for media:Pooled photo opportunity
https://www.pm.gc.ca/en/news/media-advisories/2026/03/12/friday-march-13-2026;Oslo, Norway;11:00 a.m.;The Prime Minister will depart for Bardufoss, Norway.;Note for media:Pooled photo opportunity
https://www.pm.gc.ca/en/news/media-advisories/2026/03/12/friday-march-13-2026;Bardufoss, Norway;1:15 p.m.;The Prime Minister will arrive in Bardufoss, Norway.;Note for media:Pooled photo opportunity
https://www.pm.gc.ca/en/news/media-advisories/2026/03/12/friday-march-13-2026;Bardufoss, Norway;2:40 p.m.;The Prime Minister will observe a military demonstration as part of NATO’s Exercise Cold Response.;Note for media:Pooled photo opportunity
https://www.pm.gc.ca/en/news/media-advisories/2026/03/12/friday-march-13-2026;Bardufoss, Norway;3:25 p.m.;The Prime Minister will participate in a media availability with the Prime Minister of Norway, Jonas Gahr Střre, and the Chancellor of Germany, Friedrich Merz.;Note for media:Open coverage for accredited media
https://www.pm.gc.ca/en/news/media-advisories/2026/03/12/friday-march-13-2026;Bardufoss, Norway;5:05 p.m.; The Prime Minister will meet with the Prime Minister of Norway, Jonas Gahr Střre, and the Chancellor of Germany, Friedrich Merz.;Closed to media
https://www.pm.gc.ca/en/news/media-advisories/2026/03/12/friday-march-13-2026;Bardufoss, Norway;6:20 p.m.;The Prime Minister will depart for Oslo, Norway.;Closed to media
https://www.pm.gc.ca/en/news/media-advisories/2026/03/12/friday-march-13-2026;Oslo, Norway;8:35 p.m.;The Prime Minister will arrive in Oslo, Norway.;Closed to media
https://www.pm.gc.ca/en/news/media-advisories/2026/03/11/thursday-march-12-2026;Ottawa, Ottawa;9:30 a.m.;The Prime Minister will chair the Cabinet meeting.;West BlockParliament Hill
https://www.pm.gc.ca/en/news/media-advisories/2026/03/11/thursday-march-12-2026;Yellowknife, Northwest Territories;2:30 p.m.;The Prime Minister will announce a new plan to defend and transform Canada’s Northern and Arctic region.;Notes for media:Open coverageMedia wishing to cover the event are asked to contact media@pmo-cpm.gc.ca to confirm their attendance. Details on how to participate will be provided upon registration.Media are asked to arrive no later than 1:45 p.m.
https://www.pm.gc.ca/en/news/media-advisories/2026/03/11/thursday-march-12-2026;Yellowknife, Northwest Territories;3:55 p.m.;The Prime Minister will meet with the Premier of the Northwest Territories, R.J. Simpson.;Note for media:Pooled photo opportunity at the beginning of the meeting
https://www.pm.gc.ca/en/news/media-advisories/2026/03/11/thursday-march-12-2026;Yellowknife, Northwest Territories;4:40 p.m.;The Prime Minister will visit local infrastructure.;Note for media:Pooled photo opportunity
https://www.pm.gc.ca/en/news/media-advisories/2026/03/11/thursday-march-12-2026;Yellowknife, Northwest Territories;5:30 p.m.;The Prime Minister will depart for Oslo, Norway.;Note for media:Pooled photo opportunity
https://www.pm.gc.ca/en/news/media-advisories/2026/03/10/wednesday-march-11-2026;Ottawa, Ottawa;9:30 a.m.;The Prime Minister will attend the National Caucus meeting.;West BlockParliament Hill
https://www.pm.gc.ca/en/news/media-advisories/2026/03/10/wednesday-march-11-2026;Ottawa, Ottawa;2:15 p.m.; The Prime Minister will attend Question Period.;West BlockParliament Hill
https://www.pm.gc.ca/en/news/media-advisories/2026/03/10/wednesday-march-11-2026;Ottawa, Ottawa;6:00 p.m.; The Prime Minister will deliver remarks at an event to celebrate St. Patrick’s Day.;Closed to media
https://www.pm.gc.ca/en/news/media-advisories/2026/03/10/tuesday-march-10-2026;Ottawa, Ottawa;2:15 p.m.;The Prime Minister will attend Question Period.;West BlockParliament Hill
https://www.pm.gc.ca/en/news/media-advisories/2026/03/08/monday-march-9-2026;Ottawa, Ottawa;10:30 a.m.; The Prime Minister will meet with the Premier of Prince Edward Island, Rob Lantz.;Note for media:Pooled photo opportunity at the beginning of the meeting
https://www.pm.gc.ca/en/news/media-advisories/2026/03/08/monday-march-9-2026;Ottawa, Ottawa;7:15 p.m.; The Prime Minister will attend a community iftar.;Closed to media
https://www.pm.gc.ca/en/news/media-advisories/2026/03/06/saturday-march-7-2026;Tokyo, Japan;5:30 p.m.;The Prime Minister will depart for Ottawa, Ontario.;Note for media:Pooled photo opportunity
https://www.pm.gc.ca/en/news/media-advisories/2026/03/06/saturday-march-7-2026;Ottawa, Ottawa;4:00 p.m.;The Prime Minister will arrive in Ottawa, Ontario.;Closed to media
https://www.pm.gc.ca/en/news/media-advisories/2026/03/05/friday-march-6-2026;Canberra, Australia;8:00 a.m.;The Prime Minister will depart for Tokyo, Japan.;Note for media:Pooled photo opportunity
https://www.pm.gc.ca/en/news/media-advisories/2026/03/05/friday-march-6-2026;Tokyo, Japan;4:15 p.m.;The Prime Minister will arrive in Tokyo, Japan.;Note for media:Pooled photo opportunity
https://www.pm.gc.ca/en/news/media-advisories/2026/03/05/friday-march-6-2026;Tokyo, Japan;7:00 p.m.;The Prime Minister will take part in a welcoming ceremony hosted by the Prime Minister of Japan, Takaichi Sanae.;Note for media:Pooled photo opportunity
https://www.pm.gc.ca/en/news/media-advisories/2026/03/05/friday-march-6-2026;Tokyo, Japan;7:15 p.m.;The Prime Minister will meet with the Prime Minister of Japan, Takaichi Sanae.;Note for media:Pooled photo opportunity at the beginning of the meeting
https://www.pm.gc.ca/en/news/media-advisories/2026/03/05/friday-march-6-2026;Tokyo, Japan;7:40 p.m.; The Prime Minister will participate in a signing ceremony and deliver a joint statement to media with the Prime Minister of Japan, Takaichi Sanae.;Note for media:Open coverage for accredited media
https://www.pm.gc.ca/en/news/media-advisories/2026/03/04/thursday-march-5-2026;Sydney, Australia;6:45 a.m.;The Prime Minister will depart for Canberra, Australia.;Closed to media
https://www.pm.gc.ca/en/news/media-advisories/2026/03/04/thursday-march-5-2026;Canberra, Australia;8:00 a.m.;The Prime Minister will arrive in Canberra, Australia.;Note for media:Pooled photo opportunity
https://www.pm.gc.ca/en/news/media-advisories/2026/03/04/thursday-march-5-2026;Canberra, Australia;8:30 a.m.;The Prime Minister will participate in a welcome ceremony at Parliament House.;Note for media:Pooled photo opportunity
https://www.pm.gc.ca/en/news/media-advisories/2026/03/04/thursday-march-5-2026;Canberra, Australia;9:00 a.m.;The Prime Minister will meet with the Prime Minister of Australia, Anthony Albanese.;Closed to media
https://www.pm.gc.ca/en/news/media-advisories/2026/03/04/thursday-march-5-2026;Canberra, Australia;9:20 a.m.;The Prime Minister will meet with members of Australia’s Cabinet alongside the Prime Minister of Australia, Anthony Albanese.;Note for media:Pooled photo opportunity
https://www.pm.gc.ca/en/news/media-advisories/2026/03/04/thursday-march-5-2026;Canberra, Australia;10:30 a.m.;The Prime Minister will deliver an address to both Houses of Australia’s Parliament and invited dignitaries.;Note for media:  Open coverage for accredited media
https://www.pm.gc.ca/en/news/media-advisories/2026/03/04/thursday-march-5-2026;Canberra, Australia;11:50 a.m.;The Prime Minister will hold a joint media availability with the Prime Minister of Australia, Anthony Albanese.;Note for media:Open coverage for accredited media
https://www.pm.gc.ca/en/news/media-advisories/2026/03/04/thursday-march-5-2026;Canberra, Australia;2:00 p.m.;The Prime Minister will meet with the Governor-General of Australia, Her Excellency the Honourable Sam Mostyn.;Note for media:Pooled photo opportunity
https://www.pm.gc.ca/en/news/media-advisories/2026/03/04/thursday-march-5-2026;Canberra, Australia;3:15 p.m.;The Prime Minister will attend a Defence Science and Technology Showcase.;Note for media:Pooled photo opportunity
https://www.pm.gc.ca/en/news/media-advisories/2026/03/02/wednesday-march-4-2026;Sydney, Australia;8:25 a.m;. The Prime Minister will arrive at a signing ceremony.;Note for media:Pooled photo opportunity
https://www.pm.gc.ca/en/news/media-advisories/2026/03/02/wednesday-march-4-2026;Sydney, Australia;8:35 a.m;. The Prime Minister will hold a media availability.;Note for media:Open coverage for accredited media
https://www.pm.gc.ca/en/news/media-advisories/2026/03/02/wednesday-march-4-2026;Sydney, Australia;9:30 a.m.; The Prime Minister will witness a signing ceremony.;Note for media:Open coverage for accredited media
https://www.pm.gc.ca/en/news/media-advisories/2026/03/02/wednesday-march-4-2026;Sydney, Australia;6:00 p.m.; The Prime Minister will take part in a featured conversation at the Lowy Institute.;Note for media:Open coverage for accredited media
https://www.pm.gc.ca/en/news/media-advisories/2026/03/02/tuesday-march-3-2026;Sydney, Australia;12:15 p.m.;The Prime Minister will arrive in Sydney, Australia.;Note for media:Pooled photo opportunity
https://www.pm.gc.ca/en/news/media-advisories/2026/03/01/monday-march-2-2026;New Delhi, India;10:25 a.m.;The Prime Minister will arrive at Hyderabad House and be greeted by the Prime Minister of India, Narendra Modi.;Note for media:Open coverage for accredited media
https://www.pm.gc.ca/en/news/media-advisories/2026/03/01/monday-march-2-2026;New Delhi, India;10:35 a.m.;The Prime Minister will meet with the Prime Minister of India, Narendra Modi.;Note for media:Pooled photo opportunity at the beginning of the meeting
https://www.pm.gc.ca/en/news/media-advisories/2026/03/01/monday-march-2-2026;New Delhi, India;11:40 a.m.;The Prime Minister will witness a presentation of signed agreements.;Note for media:Open coverage for accredited media
https://www.pm.gc.ca/en/news/media-advisories/2026/03/01/monday-march-2-2026;New Delhi, India;11:45 a.m.;The Prime Minister will deliver a statement to media alongside the Prime Minister of India, Narendra Modi.;Note for media:Open coverage for accredited media
https://www.pm.gc.ca/en/news/media-advisories/2026/03/01/monday-march-2-2026;New Delhi, India;12:25 p.m.;The Prime Minister will attend an official luncheon hosted by the Prime Minister of India, Narendra Modi.;Closed to media
https://www.pm.gc.ca/en/news/media-advisories/2026/03/01/monday-march-2-2026;New Delhi, India;1:30 p.m.; The Prime Minister will participate in the India-Canada CEO Forum with the Prime Minister of India, Narendra Modi.;Note for media:Pooled photo opportunity for Prime Minister Carney’s remarks
https://www.pm.gc.ca/en/news/media-advisories/2026/03/01/monday-march-2-2026;New Delhi, India;3:00 p.m.;The Prime Minister will hold a media availability.;Note for media:Open coverage for accredited media
https://www.pm.gc.ca/en/news/media-advisories/2026/03/01/monday-march-2-2026;New Delhi, India;6:00 p.m.;The Prime Minister will depart for Sydney, Australia.;Note for media:Pooled photo opportunity
https://www.pm.gc.ca/en/news/media-advisories/2026/02/28/sunday-march-1-2026;Mumbai, India;4:45 p.m.;The Prime Minister will depart for New Delhi, India.;Note for media:Pooled photo opportunity
https://www.pm.gc.ca/en/news/media-advisories/2026/02/28/sunday-march-1-2026;New Delhi, India;7:00 p.m.;The Prime Minister will arrive in New Delhi, India.;Note for media:Pooled photo opportunity
https://www.pm.gc.ca/en/news/media-advisories/2026/02/27/saturday-february-28-2026;Mumbai, India;9:45 a.m.;The Prime Minister will visit a local cultural exhibition.;Note for media:Pooled photo opportunity
https://www.pm.gc.ca/en/news/media-advisories/2026/02/27/saturday-february-28-2026;Mumbai, India;2:15 p.m.;The Prime Minister will participate in an innovation showcase and meet with university researchers.;Note for media:Pooled photo opportunity
https://www.pm.gc.ca/en/news/media-advisories/2026/02/27/saturday-february-28-2026;Mumbai, India;7:00 p.m.;The Prime Minister will deliver remarks and participate in a featured discussion at the Canada-India Growth and Investment Forum.;Note for media:Open coverage for accredited media
https://www.pm.gc.ca/en/news/media-advisories/2026/02/26/friday-february-27-2026;Mumbai, India;3:15 p.m.;The Prime Minister will arrive in Mumbai, India.;Note for media:Pooled photo opportunity
https://www.pm.gc.ca/en/news/media-advisories/2026/02/25/thursday-february-26-2026;Ottawa, Ottawa;10:00 a.m.;The Prime Minister will depart for Mumbai, India.;Note for media:Pooled photo opportunity
https://www.pm.gc.ca/en/news/media-advisories/2026/02/24/wednesday-february-25-2026;Ottawa, Ottawa;10:00 a.m.;The Prime Minister will attend the National Caucus meeting.;West BlockParliament Hill
https://www.pm.gc.ca/en/news/media-advisories/2026/02/23/tuesday-february-24-2026;Ottawa, Ottawa;10:00 a.m.;The Prime Minister will chair the Cabinet meeting.;West BlockParliament Hill
https://www.pm.gc.ca/en/news/media-advisories/2026/02/23/tuesday-february-24-2026;Ottawa, Ottawa;2:15 p.m.;The Prime Minister will attend Question Period.;West BlockParliament Hill
https://www.pm.gc.ca/en/news/media-advisories/2026/02/21/sunday-february-22-2026;Chelsea, Québec;8:00 a.m.; The Prime Minister will cheer on Team Canada’s men’s Olympic hockey team during the gold medal game.;Note for media:Pooled photo opportunity
https://www.pm.gc.ca/en/news/media-advisories/2026/02/18/thursday-february-19-2026;Surrey, British Columbia;9:00 a.m.;The Prime Minister will meet with local law enforcement.;Note for media:Pooled photo opportunity at the beginning of the meeting
https://www.pm.gc.ca/en/news/media-advisories/2026/02/18/thursday-february-19-2026;Burnaby, British Columbia;11:00 a.m.;The Prime Minister will cheer on Team Canada’s women’s Olympic hockey team during the gold medal game.;Note for media:Pooled photo opportunity
https://www.pm.gc.ca/en/news/media-advisories/2026/02/18/update-wednesday-february-18-2026;Edmonton, Alberta;11:00 a.m.;The Prime Minister will meet with the Member of Parliament for Edmonton Riverbend.;Note for media:Pooled photo opportunity at the beginning of the meeting
https://www.pm.gc.ca/en/news/media-advisories/2026/02/18/update-wednesday-february-18-2026;Richmond, British Columbia;1:00 p.m.;The Prime Minister will celebrate Lunar New Year with community members.;Note for media:Pooled photo opportunity
https://www.pm.gc.ca/en/news/media-advisories/2026/02/18/update-wednesday-february-18-2026;Vancouver, British Columbia;2:40 p.m.;The Prime Minister will tour an affordable housing project.;Note for media:Pooled photo opportunity
https://www.pm.gc.ca/en/news/media-advisories/2026/02/16/tuesday-february-17-2026;Montréal, Québec;10:15 a.m.;The Prime Minister will tour a production and manufacturing assembly line.;Note for media:Pooled photo opportunity
https://www.pm.gc.ca/en/news/media-advisories/2026/02/16/tuesday-february-17-2026;Montréal, Québec;10:30 a.m.;The Prime Minister will announce new measures to strengthen security, create prosperity, and reinforce strategic autonomy.;Notes for media:Open coverageMedia wishing to cover the event are asked to contact media@pmo-cpm.gc.ca to confirm their attendance. Details on how to participate will be provided upon registration.Media are asked to arrive no later than 9:30 a.m. 
https://www.pm.gc.ca/en/news/media-advisories/2026/02/12/friday-february-13-2026;Tumbler Ridge, British Columbia;6:15 p.m.; The Prime Minister will attend a community vigil.;
https://www.pm.gc.ca/en/news/media-advisories/2026/02/11/update-wednesday-february-11-2026;Ottawa, Ottawa;10:00 a.m.;The Prime Minister will attend the National Caucus meeting.;West BlockParliament Hill
https://www.pm.gc.ca/en/news/media-advisories/2026/02/11/update-wednesday-february-11-2026;Ottawa, Ottawa;2:00 p.m.;The Prime Minister will make a statement in the House of Commons.;West BlockParliament HillPlease note: In light of Tuesday’s tragic events in Tumbler Ridge, British Columbia, the Prime Minister’s previously announced schedule for Wednesday, February 11, was suspended. More details to follow.
https://www.pm.gc.ca/en/news/media-advisories/2026/02/09/tuesday-february-10-2026;Ottawa, Ottawa;10:00 a.m.; The Prime Minister will chair the Cabinet meeting.;West BlockParliament Hill
https://www.pm.gc.ca/en/news/media-advisories/2026/02/09/tuesday-february-10-2026;Ottawa, Ottawa;2:15 p.m.; The Prime Minister will attend Question Period.;West BlockParliament Hill
https://www.pm.gc.ca/en/news/media-advisories/2026/02/08/monday-february-9-2026;Ottawa, Ottawa;11:30 a.m.; The Prime Minister will host a working lunch for the Prime Minister of Luxembourg, Luc Frieden.;Closed to media
https://www.pm.gc.ca/en/news/media-advisories/2026/02/08/monday-february-9-2026;Ottawa, Ottawa;12:45 p.m.; The Prime Minister will meet with the Prime Minister of Luxembourg, Luc Frieden.;Note for media:Pooled photo opportunity at the beginning of the meeting
https://www.pm.gc.ca/en/news/media-advisories/2026/02/04/thursday-february-5-2026;Vaughan, Ontario;9:45 a.m.; The Prime Minister will tour an auto parts manufacturing facility.;Note for media:Pooled photo opportunity
https://www.pm.gc.ca/en/news/media-advisories/2026/02/04/thursday-february-5-2026;Vaughan, Ontario;10:00 a.m.; The Prime Minister will announce new measures to transform Canada’s auto manufacturing sector for the future.;Notes for media:Open coverageMedia wishing to cover the event are asked to contact media@pmo-cpm.gc.ca to confirm their attendance. Details on how to participate will be provided upon registration.Media are asked to arrive no later than 9:00 a.m.
https://www.pm.gc.ca/en/news/media-advisories/2026/02/04/thursday-february-5-2026;Vaughan, Ontario;2:00 p.m.; The Prime Minister will attend a virtual meeting with Atlantic premiers.;Closed to media
https://www.pm.gc.ca/en/news/media-advisories/2026/02/03/wednesday-february-4-2026;Ottawa, Ottawa;10:00 a.m.; The Prime Minister will attend the National Caucus meeting.;West BlockParliament Hill
https://www.pm.gc.ca/en/news/media-advisories/2026/02/03/wednesday-february-4-2026;Ottawa, Ottawa;5:30 p.m.; The Prime Minister will meet with the Big City Mayors’ Caucus of the Federation of Canadian Municipalities.;Note for media:Pooled photo opportunity at the beginning of the meeting
https://www.pm.gc.ca/en/news/media-advisories/2026/02/03/wednesday-february-4-2026;Ottawa, Ottawa;7:30 p.m.; The Prime Minister will attend and deliver remarks at a Black History Month reception.;Notes for media:Open coverageMedia wishing to cover the event are asked to contact media@pch.gc.ca to confirm their attendance. Details on how to participate will be provided upon registration.Media are asked to arrive no later than 6:00 p.m.
https://www.pm.gc.ca/en/news/media-advisories/2026/02/02/tuesday-february-3-2026;Ottawa, Ottawa;10:00 a.m.; The Prime Minister will chair the Cabinet meeting.;West BlockParliament Hill
https://www.pm.gc.ca/en/news/media-advisories/2026/02/02/tuesday-february-3-2026;Ottawa, Ottawa;2:15 p.m.; The Prime Minister will attend Question Period.;West BlockParliament Hill
https://www.pm.gc.ca/en/news/media-advisories/2026/02/02/tuesday-february-3-2026;Ottawa, Ottawa;4:00 p.m.; The Prime Minister will deliver remarks at the Official Portrait Unveiling Ceremony for the Right Honourable Stephen Harper.;Notes for media:Open coverageMedia wishing to cover the event are asked to contact media@pmo-cpm.gc.ca to confirm their attendance. Details on how to participate will be provided upon registration.Media are asked to arrive no later than 3:30 p.m.
https://www.pm.gc.ca/en/news/media-advisories/2026/01/28/thursday-january-29-2026;Ottawa, Ottawa;9:00 a.m.;The Prime Minister will host a First Ministers’ Meeting.;Note for media: Pooled coverage of opening remarks
https://www.pm.gc.ca/en/news/media-advisories/2026/01/28/thursday-january-29-2026;Ottawa, Ottawa;2:15 p.m.;The Prime Minister will hold a media availability.;Second floorWest BlockParliament HillNotes for media: Open coverageMedia wishing to cover the event must be accredited with the Canadian Parliamentary Press Gallery.
https://www.pm.gc.ca/en/news/media-advisories/2026/01/28/thursday-january-29-2026;Ottawa, Ottawa;6:30 p.m.;The Prime Minister will participate in an event to highlight the strength of the Canadian film and television sector.;Notes for media:Open coverageMedia wishing to cover the event are asked to contact media@pmo-cpm.gc.ca to confirm their attendance. Details on how to participate will be provided upon registration.Media are asked to arrive no later than 5:30 p.m.
https://www.pm.gc.ca/en/news/media-advisories/2026/01/27/wednesday-january-28-2026;Ottawa, Ottawa;10:00 a.m.;The Prime Minister will attend the National Caucus meeting.;West BlockParliament Hill
https://www.pm.gc.ca/en/news/media-advisories/2026/01/27/wednesday-january-28-2026;Ottawa, Ottawa;12:45 p.m.; The Prime Minister will meet with the Premier of British Columbia, David Eby.;Note for media:Pooled photo opportunity at the beginning of the meeting
https://www.pm.gc.ca/en/news/media-advisories/2026/01/27/wednesday-january-28-2026;Ottawa, Ottawa;1:20 p.m.;The Prime Minister will meet with the Premier of Alberta, Danielle Smith, and the Premier of British Columbia, David Eby.;Note for media:Pooled photo opportunity at the beginning of the meeting
https://www.pm.gc.ca/en/news/media-advisories/2026/01/27/wednesday-january-28-2026;Ottawa, Ottawa;4:00 p.m.;The Prime Minister will meet with the Premier of the Yukon, Currie Dixon.;Note for media:Pooled photo opportunity at the beginning of the meeting
https://www.pm.gc.ca/en/news/media-advisories/2026/01/27/wednesday-january-28-2026;Ottawa, Ottawa;7:00 p.m.;The Prime Minister will host a First Ministers’ working dinner.;Closed to media
https://www.pm.gc.ca/en/news/media-advisories/2026/01/27/update-tuesday-january-27-2026;Ottawa, Ottawa;9:00 a.m.; The Prime Minister will chair the Cabinet meeting.;West BlockParliament Hill
https://www.pm.gc.ca/en/news/media-advisories/2026/01/27/update-tuesday-january-27-2026;Ottawa, Ottawa;11:00 a.m.; The Prime Minister will deliver remarks at the International Holocaust Remembrance Day ceremony.;Notes for media:Open coverageMedia wishing to cover the event are asked to contact media@pmo-cpm.gc.ca to confirm their attendance. Details on how to participate will be provided upon registration.Media are asked to arrive no later than 10:15 a.m.
https://www.pm.gc.ca/en/news/media-advisories/2026/01/27/update-tuesday-january-27-2026;Ottawa, Ottawa;2:15 p.m.; The Prime Minister will attend Question Period.;West BlockParliament Hill
https://www.pm.gc.ca/en/news/media-advisories/2026/01/27/update-tuesday-january-27-2026;Ottawa, Ottawa;4:00 p.m.; The Prime Minister will meet with the Premier of Nunavut, John Main.;Note for media:Pooled photo opportunity at the beginning of the meeting
https://www.pm.gc.ca/en/news/media-advisories/2026/01/27/update-tuesday-january-27-2026;Ottawa, Ottawa;5:15 p.m.; The Prime Minister will meet with Team Canada Olympic hockey players.;Note for media:Pooled photo opportunity at the beginning of the meeting
https://www.pm.gc.ca/en/news/media-advisories/2026/01/25/monday-january-26-2026;Ottawa, Ottawa;9:00 a.m.; The Prime Minister will announce new measures to make life more affordable for Canadians.;Notes for media:Open coverageMedia wishing to cover the event are asked to contact media@pmo-cpm.gc.ca to confirm their attendance. Details on how to participate will be provided upon registration.Media are asked to arrive no later than 8:15 a.m.
https://www.pm.gc.ca/en/news/media-advisories/2026/01/25/monday-january-26-2026;Greater Toronto Area, Ontario;12:10 p.m.; The Prime Minister will meet with the Premier of Ontario, Doug Ford.;Closed to media
https://www.pm.gc.ca/en/news/media-advisories/2026/01/25/monday-january-26-2026;Greater Toronto Area, Ontario;1:15 p.m.; The Prime Minister and the Premier of Ontario, Doug Ford, will visit a local business.;Note for media:Pooled photo opportunity
https://www.pm.gc.ca/en/news/media-advisories/2026/01/24/sunday-january-25-2026;Ottawa, Ottawa;9:30 a.m.; The Prime Minister will arrive at the National Caucus retreat.;Note for media:Pooled photo opportunity
https://www.pm.gc.ca/en/news/media-advisories/2026/01/22/friday-january-23-2026;Québec City, Québec;8:45 a.m.;The Prime Minister will attend the Cabinet Planning Forum.;
https://www.pm.gc.ca/en/news/media-advisories/2026/01/21/thursday-january-22-2026;Québec City, Québec;1:00 p.m.; The Prime Minister will deliver remarks on the choices on which Canada was built and the shared values that make us Canada strong.;Notes for media:Open coverageMedia wishing to cover the event are asked to contact media@pmo-cpm.gc.ca to confirm their attendance. Details on how to participate will be provided upon registration.Media are asked to arrive no later than 12:15 p.m.
https://www.pm.gc.ca/en/news/media-advisories/2026/01/21/thursday-january-22-2026;Québec City, Québec;3:00 p.m.; The Prime Minister will convene and attend the Cabinet Planning Forum.;
https://www.pm.gc.ca/en/news/media-advisories/2026/01/20/wednesday-january-21-2026;Davos, Switzerland;7:45 a.m.; The Prime Minister will attend the Investors Industry Governors Meeting at the World Economic Forum Annual Meeting.;Closed to media
https://www.pm.gc.ca/en/news/media-advisories/2026/01/20/wednesday-january-21-2026;Davos, Switzerland;12:00 p.m.; The Prime Minister will attend the Informal Gathering of World Economic Leaders Luncheon.;Closed to media
https://www.pm.gc.ca/en/news/media-advisories/2026/01/20/wednesday-january-21-2026;Zurich, Switzerland;4:30 p.m.; The Prime Minister will depart for Ottawa, Ontario.;Note to media:Pooled photo opportunity
https://www.pm.gc.ca/en/news/media-advisories/2026/01/20/wednesday-january-21-2026;Ottawa, Ottawa;8:00 p.m.; The Prime Minister will arrive in Ottawa, Ontario.;Closed to media
https://www.pm.gc.ca/en/news/media-advisories/2026/01/19/tuesday-january-20-2026;Davos, Switzerland;9:45 a.m.;The Prime Minister will participate in a Country Strategy Dialogue at the World Economic Forum Annual Meeting.;Closed to media
https://www.pm.gc.ca/en/news/media-advisories/2026/01/19/tuesday-january-20-2026;Davos, Switzerland;12:30 p.m.;The Prime Minister will meet with the President of France, Emmanuel Macron.;Note for media:Pooled photo opportunity
https://www.pm.gc.ca/en/news/media-advisories/2026/01/19/tuesday-january-20-2026;Davos, Switzerland;4:30 p.m.;The Prime Minister will deliver remarks and participate in a featured conversation during a special plenary session at the World Economic Forum Annual Meeting.;Note for media:Open coverage
https://www.pm.gc.ca/en/news/media-advisories/2026/01/19/tuesday-january-20-2026;Davos, Switzerland;7:30 p.m.;The Prime Minister will attend and deliver remarks at a welcome dinner for the Open Forum at the World Economic Forum Annual Meeting.;Closed to media
https://www.pm.gc.ca/en/news/media-advisories/2026/01/18/monday-january-19-2026;Doha, Qatar;11:00 a.m.;The Prime Minister will depart for Zurich, Switzerland.;Note for media:Pooled photo opportunity
https://www.pm.gc.ca/en/news/media-advisories/2026/01/18/monday-january-19-2026;Zurich, Switzerland;4:30 p.m.;The Prime Minister will arrive in Zurich, Switzerland.;Note for media:Pooled photo opportunity
https://www.pm.gc.ca/en/news/media-advisories/2026/01/17/sunday-january-18-2026;Doha, Qatar;10:55 a.m.;The Prime Minister will attend an official welcoming ceremony.;Note for media:Pooled photo opportunity at the beginning of the ceremony
https://www.pm.gc.ca/en/news/media-advisories/2026/01/17/sunday-january-18-2026;Doha, Qatar;11:00 a.m.;The Prime Minister will meet with the Amir of Qatar, His Highness Sheikh Tamim bin Hamad Al Thani.;Closed to media
https://www.pm.gc.ca/en/news/media-advisories/2026/01/17/sunday-january-18-2026;Doha, Qatar;12:15 p.m.; The Prime Minister will attend a working luncheon hosted by the Amir of Qatar, His Highness Sheikh Tamim bin Hamad Al Thani.;Closed to media
https://www.pm.gc.ca/en/news/media-advisories/2026/01/17/sunday-january-18-2026;Doha, Qatar; 3:00; The Prime Minister will hold a brief media availability.;Note for media:Open coverage
https://www.pm.gc.ca/en/news/media-advisories/2026/01/16/saturday-january-17-2026;Beijing, People’s Republic of China;9:30 a.m.;The Prime Minister will depart for Doha, Qatar.;Note for media:Pooled photo opportunity
https://www.pm.gc.ca/en/news/media-advisories/2026/01/16/saturday-january-17-2026;Doha, Qatar;3:30 p.m.;The Prime Minister will arrive in Doha, Qatar.;Note for media:Pooled photo opportunity
https://www.pm.gc.ca/en/news/media-advisories/2026/01/15/friday-january-16-2026;Beijing, People’s Republic of China;11:00 a.m.; The Prime Minister will meet with the President of China, Xi Jinping.;Note for media:Pooled photo opportunity at the beginning of the meeting
https://www.pm.gc.ca/en/news/media-advisories/2026/01/15/friday-january-16-2026;Beijing, People’s Republic of China;11:45 a.m.; The Prime Minister will attend an official luncheon hosted by the President of China, Xi Jinping.;Closed to media
https://www.pm.gc.ca/en/news/media-advisories/2026/01/15/friday-january-16-2026;Beijing, People’s Republic of China;4:00 p.m.; The Prime Minister will hold a media availability.;Note for media:Open coverage
https://www.pm.gc.ca/en/news/media-advisories/2026/01/15/friday-january-16-2026;Beijing, People’s Republic of China;7:00 p.m.; The Prime Minister will attend and deliver opening remarks at a gala dinner hosted by the Canada China Business Council.;Note for media:Open coverage for the Prime Minister’s opening remarks
https://www.pm.gc.ca/en/news/media-advisories/2026/01/14/thursday-january-15-2026;Beijing, People's Republic of China;3:45 p.m.;The Prime Minister will meet with the Chairman of the Standing Committee of the National People’s Congress of China, Zhao Leji.;Note for media:Pooled photo opportunity at the beginning of the meeting
https://www.pm.gc.ca/en/news/media-advisories/2026/01/14/thursday-january-15-2026;Beijing, People's Republic of China;4:45 p.m.;The Prime Minister will attend an official welcoming ceremony at the Great Hall of the People.;Note for media:Open coverage
https://www.pm.gc.ca/en/news/media-advisories/2026/01/14/thursday-january-15-2026;Beijing, People's Republic of China;5:00 p.m.;The Prime Minister will meet with the Premier of China, Li Qiang.;Note for media:Pooled photo opportunity at the beginning of the meeting
https://www.pm.gc.ca/en/news/media-advisories/2026/01/14/thursday-january-15-2026;Beijing, People's Republic of China;5:45 p.m.;The Prime Minister will witness a signing ceremony.;Note for media:Open coverage
https://www.pm.gc.ca/en/news/media-advisories/2026/01/14/thursday-january-15-2026;Beijing, People's Republic of China;6:00 p.m.;The Prime Minister will attend an official dinner hosted by the Premier of China, Li Qiang.;Closed to media
https://www.pm.gc.ca/en/news/media-advisories/2026/01/13/wednesday-january-14-2026;Beijing, People’s Republic of China;8:45 p.m.;The Prime Minister will arrive in Beijing, People’s Republic of China.;Note for media:Pooled photo opportunity
https://www.pm.gc.ca/en/news/media-advisories/2026/01/12/tuesday-january-13-2026;Prince Rupert, British Columbia;9:00 a.m.;The Prime Minister will meet with leadership of Coastal First Nations.;Closed to media
https://www.pm.gc.ca/en/news/media-advisories/2026/01/12/tuesday-january-13-2026;Prince Rupert, British Columbia;11:40 a.m.;The Prime Minister will visit a local business.;Note for media:Pooled photo opportunity
https://www.pm.gc.ca/en/news/media-advisories/2026/01/12/tuesday-january-13-2026;Vancouver, British Columbia;2:45 p.m.;The Prime Minister will depart for Beijing, People’s Republic of China.;Note for media:Pooled photo opportunity
https://www.pm.gc.ca/en/news/media-advisories/2026/01/05/tuesday-january-6-2026;Paris, France;1:15 p.m.;The Prime Minister will meet with the Secretary General of the North Atlantic Treaty Organization, Mark Rutte.;Note for media:Pooled photo opportunity at the beginning of the meeting 
https://www.pm.gc.ca/en/news/media-advisories/2026/01/05/tuesday-january-6-2026;Paris, France;2:00 p.m.;The Prime Minister will meet with the Prime Minister of Denmark, Mette Frederiksen.;Note for media:Pooled photo opportunity at the beginning of the meeting 
https://www.pm.gc.ca/en/news/media-advisories/2026/01/05/tuesday-january-6-2026;Paris, France;2:45 p.m.;The Prime Minister will arrive at the Palais de l’Elysée, where he will be greeted by the President of France, Emmanuel Macron.;Note for media:Open coverage for accredited media
https://www.pm.gc.ca/en/news/media-advisories/2026/01/05/tuesday-january-6-2026;Paris, France;2:50 p.m.;The Prime Minister will participate in the Coalition of the Willing official family photo.;Note for media:Pooled photo opportunity
https://www.pm.gc.ca/en/news/media-advisories/2026/01/05/tuesday-january-6-2026;Paris, France;3:00 p.m.;The Prime Minister will participate in the Coalition of the Willing meeting.;Closed to media
https://www.pm.gc.ca/en/news/media-advisories/2026/01/05/tuesday-january-6-2026;Paris, France;6:30 p.m.;The Prime Minister will meet with the President of Finland, Alexander Stubb.;Note for media:Pooled photo opportunity at the beginning of the meeting
https://www.pm.gc.ca/en/news/media-advisories/2026/01/05/tuesday-january-6-2026;Paris, France;8:00 p.m.;The Prime Minister will depart for Ottawa, Canada;Closed to media
https://www.pm.gc.ca/en/news/media-advisories/2026/01/05/tuesday-january-6-2026;Ottawa, Canada;10:30 p.m.;The Prime Minister will arrive in Ottawa, Canada.;Closed to media
https://www.pm.gc.ca/en/news/media-advisories/2026/01/04/monday-january-5-2026;Ottawa, Ottawa;8:00 a.m.;The Prime Minister will depart for Paris, France.;Note for media:Pooled photo opportunity
https://www.pm.gc.ca/en/news/media-advisories/2026/01/04/monday-january-5-2026;Paris, France;9:00 p.m.;The Prime Minister will arrive in Paris, France.;Closed to media
https://www.pm.gc.ca/en/news/media-advisories/2025/12/27/saturday-december-27-2025;Halifax, Nova Scotia;1:05 p.m.;The Prime Minister will meet with the President of Ukraine, Volodymyr Zelenskyy.;Note for media:Pooled photo opportunity at the beginning of the meeting
https://www.pm.gc.ca/en/news/media-advisories/2025/12/17/thursday-december-18-2025;Ottawa, Ottawa;10:00 a.m.; The Prime Minister will meet with the Premier of Ontario, Doug Ford.;Closed to media
https://www.pm.gc.ca/en/news/media-advisories/2025/12/17/thursday-december-18-2025;Ottawa, Ottawa;10:45 a.m.; The Prime Minister will deliver remarks and hold a brief media availability with the Premier of Ontario, Doug Ford. A signing ceremony will follow.;Notes for media:Open coverageMedia wishing to cover the event must be accredited with the Canadian Parliamentary Press Gallery.
https://www.pm.gc.ca/en/news/media-advisories/2025/12/17/thursday-december-18-2025;Ottawa, Ottawa;3:30 p.m.; The Prime Minister will host a virtual First Ministers’ Meeting.;Closed to media
https://www.pm.gc.ca/en/news/media-advisories/2025/12/14/sunday-december-14-2025;Ottawa, Ottawa;4:00 p.m.;The Prime Minister will participate in an event to mark the beginning of Hanukkah.;Notes for media:Open coverageMedia wishing to cover the event are asked to contact media@pmo-cpm.gc.ca to confirm their attendance. Details on how to participate will be provided upon registration. 
https://www.pm.gc.ca/en/news/media-advisories/2025/12/12/saturday-december-13-2025;Ottawa, Ottawa;10:00 a.m.;The Prime Minister will participate in a local Toy Mountain campaign with Salvation Army volunteers at a local fire station.;Note for media:Pooled photo opportunity
https://www.pm.gc.ca/en/news/media-advisories/2025/12/12/saturday-december-13-2025;Ottawa, Ottawa;10:45 a.m.;The Prime Minister will visit a Christmas tree farm.;Note for media:Pooled photo opportunity
https://www.pm.gc.ca/en/news/media-advisories/2025/12/10/thursday-december-11-2025;Ottawa, Ottawa;10:30 a.m.;The Prime Minister will chair the Cabinet meeting.;West BlockParliament Hill
https://www.pm.gc.ca/en/news/media-advisories/2025/12/10/thursday-december-11-2025;Ottawa, Ottawa;7:20 p.m.; The Prime Minister will attend the National Caucus holiday party and deliver remarks.;
https://www.pm.gc.ca/en/news/media-advisories/2025/12/09/wednesday-december-10-2025;Ottawa, Ottawa;10:00 a.m.;The Prime Minister will attend the National Caucus meeting. ;West BlockParliament Hill
https://www.pm.gc.ca/en/news/media-advisories/2025/12/09/wednesday-december-10-2025;Ottawa, Ottawa;4:50 p.m.;The Prime Minister will attend a reception in honour of the recipients of the 2025 Prime Minister’s Awards for Teaching Excellence.;Closed to media
https://www.pm.gc.ca/en/news/media-advisories/2025/12/09/wednesday-december-10-2025;Ottawa, Ottawa;8:45 p.m.;The Prime Minister will deliver remarks at the Equal Voice Gala.;Note for media:Pooled coverage
https://www.pm.gc.ca/en/news/media-advisories/2025/12/08/tuesday-december-9-2025;Ottawa, Ottawa;2:15 p.m.;The Prime Minister will attend Question Period.;West BlockParliament Hill
https://www.pm.gc.ca/en/news/media-advisories/2025/12/08/tuesday-december-9-2025;Ottawa, Ottawa;6:30 p.m.;The Prime Minister will attend a reception in honour of the diplomatic heads of mission.;Closed to media  
https://www.pm.gc.ca/en/news/media-advisories/2025/12/07/monday-december-8-2025;Ottawa, Ottawa;7:50 a.m.; The Prime Minister will deliver remarks and participate in a featured conversation with the Mayor of Ottawa, Mark Sutcliffe, at the Ottawa Mayor’s Breakfast.;Notes for media:Open coverageMedia wishing to cover the event are asked to contact media@pmo-cpm.gc.ca to confirm their attendance. Details on how to participate will be provided upon registration.Media are asked to arrive no later than 7:05 a.m.
https://www.pm.gc.ca/en/news/media-advisories/2025/12/07/monday-december-8-2025;Ottawa, Ottawa;3:30 p.m.; The Prime Minister will join Inuit leaders to witness the unveiling of Inuit cultural belongings being returned by the Vatican.;Closed to media
https://www.pm.gc.ca/en/news/media-advisories/2025/12/05/saturday-december-6-2025;Montréal, Québec;5:00 p.m.; The Prime Minister will attend a vigil to honour the victims of the massacre at the École Polytechnique de Montréal.;Notes for media:Open coverageMedia wishing to cover the event are asked to contact media@pmo-cpm.gc.ca to confirm their attendance. Details on how to participate will be provided upon registration.Media are asked to arrive no later than 4:00 p.m.
https://www.pm.gc.ca/en/news/media-advisories/2025/12/04/friday-december-5-2025;Ottawa, Ottawa;8:45 a.m.; The Prime Minister will depart for Washington, D.C., United States of America.;Closed to media
https://www.pm.gc.ca/en/news/media-advisories/2025/12/04/friday-december-5-2025;Washington, D.C., United States of America;10:15 a.m.; The Prime Minister will arrive in Washington, D.C., United States of America.;Closed to media
https://www.pm.gc.ca/en/news/media-advisories/2025/12/04/friday-december-5-2025;Washington, D.C., United States of America;12:00 p.m.; The Prime Minister will attend the FIFA World Cup 26™ Final Draw ceremony.;Note for media:Pooled coverage
https://www.pm.gc.ca/en/news/media-advisories/2025/12/04/friday-december-5-2025;Washington, D.C., United States of America;5:00 p.m.; The Prime Minister will attend and deliver remarks at the Canadian Embassy’s World Cup celebration and tree lighting ceremony.;Note for media:Pooled coverage
https://www.pm.gc.ca/en/news/media-advisories/2025/12/04/friday-december-5-2025;Washington, D.C., United States of America;7:00 p.m.;The Prime Minister will depart for Ottawa, Ontario.;Closed to media
https://www.pm.gc.ca/en/news/media-advisories/2025/12/04/friday-december-5-2025;Ottawa, Ottawa;8:30 p.m.; The Prime Minister will arrive in Ottawa, Ontario.;Closed to media
https://www.pm.gc.ca/en/news/media-advisories/2025/12/02/wednesday-december-3-2025;Ottawa, Ottawa;10:00 a.m.;The Prime Minister will attend the National Caucus meeting.;West BlockParliament Hill
https://www.pm.gc.ca/en/news/media-advisories/2025/12/02/wednesday-december-3-2025;Ottawa, Ottawa;2:15 p.m.;The Prime Minister will attend Question Period.;West BlockParliament Hill
https://www.pm.gc.ca/en/news/media-advisories/2025/12/02/wednesday-december-3-2025;Ottawa, Ottawa;3:15 p.m.;The Prime Minister will meet with Canadian tennis player Victoria Mboko.;Note for media:Pooled photo opportunity at the beginning of the meeting
https://www.pm.gc.ca/en/news/media-advisories/2025/12/01/tuesday-december-2-2025;Ottawa, Ottawa;10:00 a.m.;The Prime Minister will chair the Cabinet meeting.;West BlockParliament Hill
https://www.pm.gc.ca/en/news/media-advisories/2025/12/01/tuesday-december-2-2025;Ottawa, Ottawa;2:15 p.m.;The Prime Minister will attend Question Period.;West BlockParliament Hill
https://www.pm.gc.ca/en/news/media-advisories/2025/12/01/tuesday-december-2-2025;Ottawa, Ottawa;4:00 p.m.;The Prime Minister will deliver remarks at the Assembly of First Nations Special Chiefs Assembly.;Notes for media:Open coverageMedia wishing to cover the event are asked to register at the following link: https://meetings.afn.ca/Meeting/Register/61d1904c-ee6a-42f5-a40e-8b4fcd385ba9.Media are asked to arrive no later than 3:15 p.m.
https://www.pm.gc.ca/en/news/media-advisories/2025/12/01/monday-december-1-2025;Ottawa, Ottawa;3:00 p.m.;The Prime Minister will attend a swearing-in ceremony at Rideau Hall.;Note for media:Pooled photo opportunity of the swearing-in ceremony
https://www.pm.gc.ca/en/news/media-advisories/2025/11/28/saturday-november-29-2025;Ottawa, Ottawa;7:00 p.m.;The Prime Minister will attend the annual Parliamentary Press Gallery Dinner.;Note for media:Pooled coverage
https://www.pm.gc.ca/en/news/media-advisories/2025/11/27/friday-november-28-2025;Ottawa, Ottawa;1:00 p.m.;The Prime Minister will attend a luncheon hosted by ambassadors from the European Union.;Closed to media
https://www.pm.gc.ca/en/news/media-advisories/2025/11/27/friday-november-28-2025;Ottawa, Ottawa;4:00 p.m.;The Prime Minister will meet with the Premier of the Northwest Territories, R. J. Simpson.;Note for media:Pooled photo opportunity at the beginning of the meeting
https://www.pm.gc.ca/en/news/media-advisories/2025/11/26/thursday-november-27-2025;Calgary, Alberta;9:30 a.m.;The Prime Minister will meet with the Premier of Alberta, Danielle Smith.;Note for media:Pooled photo opportunity at the beginning of the meeting
https://www.pm.gc.ca/en/news/media-advisories/2025/11/26/thursday-november-27-2025;Calgary, Alberta;9:50 a.m.;The Prime Minister will participate in a signing ceremony for a framework to strengthen energy collaboration and build a stronger, more competitive, and more sustainable economy.;Note for media:Pooled photo opportunity
https://www.pm.gc.ca/en/news/media-advisories/2025/11/26/thursday-november-27-2025;Calgary, Alberta;10:45 a.m.;The Prime Minister will meet with unionised skilled trade workers.;Notes for media:Open coverageMedia wishing to cover the event are asked to contact media@pmo-cpm.gc.ca to confirm their attendance. Details on how to participate will be provided upon registration.Media are asked to arrive no later than 10:15 a.m.
https://www.pm.gc.ca/en/news/media-advisories/2025/11/26/thursday-november-27-2025;Calgary, Alberta;12:15 p.m.;The Prime Minister will deliver remarks and participate in a featured conversation with members of the Calgary Chamber of Commerce.;Notes for media:Open coverageMedia wishing to cover the event are asked to contact media@calgarychamber.com to confirm their attendance. Details on how to participate will be provided upon registration.Media are asked to arrive no later than 11:30 a.m.
https://www.pm.gc.ca/en/news/media-advisories/2025/11/25/wednesday-november-26-2025;Ottawa, Ottawa;9:00 a.m.;The Prime Minister will meet with the Premier of Newfoundland and Labrador, Tony Wakeham.;Note for media:Pooled photo opportunity at the beginning of the meeting
https://www.pm.gc.ca/en/news/media-advisories/2025/11/25/wednesday-november-26-2025;Ottawa, Ottawa;10:00 a.m.;The Prime Minister will attend the National Caucus meeting.;West BlockParliament Hill
https://www.pm.gc.ca/en/news/media-advisories/2025/11/25/wednesday-november-26-2025;Ottawa, Ottawa;3:15 p.m.;The Prime Minister will announce new measures to protect and transform Canadian strategic industries.;Notes for media:Open coverageMedia wishing to cover the event must be accredited with the Canadian Parliamentary Press Gallery.
https://www.pm.gc.ca/en/news/media-advisories/2025/11/24/tuesday-november-25-2025;Ottawa, Ottawa;2:15 p.m.; The Prime Minister will attend Question Period.;West BlockParliament Hill
https://www.pm.gc.ca/en/news/media-advisories/2025/11/24/tuesday-november-25-2025;Ottawa, Ottawa;3:30 p.m.; The Prime Minister will chair the Cabinet meeting.;West BlockParliament Hill
https://www.pm.gc.ca/en/news/media-advisories/2025/11/23/monday-november-24-2025;Ottawa, Ottawa;10:00 a.m.;The Prime Minister will arrive in Ottawa, Ontario.;     Closed to media
https://www.pm.gc.ca/en/news/media-advisories/2025/11/22/sunday-november-23-2025;Johannesburg, South Africa;8:15 a.m.;The Prime Minister will hold a media availability.;Note for media:Open coverage
https://www.pm.gc.ca/en/news/media-advisories/2025/11/22/sunday-november-23-2025;Johannesburg, South Africa;10:00 a.m.;The Prime Minister will attend the G20 Working Session 3.;Closed to media
https://www.pm.gc.ca/en/news/media-advisories/2025/11/22/sunday-november-23-2025;Johannesburg, South Africa;1:00 p.m.;The Prime Minister will attend the G20 Closing Session.;Note for media:Host broadcaster only
https://www.pm.gc.ca/en/news/media-advisories/2025/11/22/sunday-november-23-2025;Johannesburg, South Africa;2:30 p.m.;The Prime Minister will meet with the Prime Minister of India, Narendra Modi. ;Note for media:Official photographers only
https://www.pm.gc.ca/en/news/media-advisories/2025/11/22/sunday-november-23-2025;Johannesburg, South Africa;9:00 p.m.;The Prime Minister will depart Johannesburg, South Africa.;Closed to media
https://www.pm.gc.ca/en/news/media-advisories/2025/11/21/saturday-november-22-2025;Johannesburg, South Africa;9:15 a.m.;The Prime Minister will be welcomed by the President of South Africa, Cyril Ramaphosa.;Note for media:Official photographers and host broadcaster
https://www.pm.gc.ca/en/news/media-advisories/2025/11/21/saturday-november-22-2025;Johannesburg, South Africa;9:20 a.m.;The Prime Minister will meet with the Director-General of the World Trade Organization, Ngozi Okonjo-Iweala.;Closed to media
https://www.pm.gc.ca/en/news/media-advisories/2025/11/21/saturday-november-22-2025;Johannesburg, South Africa;9:30 a.m.;The Prime Minister will meet with the President of France, Emmanuel Macron.;Note for media:Official photographers only
https://www.pm.gc.ca/en/news/media-advisories/2025/11/21/saturday-november-22-2025;Johannesburg, South Africa;10:15 a.m.;The Prime Minister will attend the G20 Working Session 1.;Note for media:Host broadcaster only
https://www.pm.gc.ca/en/news/media-advisories/2025/11/21/saturday-november-22-2025;Johannesburg, South Africa;12:30 p.m.;The Prime Minister will attend a G20 Leaders’ working luncheon.;Closed to media
https://www.pm.gc.ca/en/news/media-advisories/2025/11/21/saturday-november-22-2025;Johannesburg, South Africa;1:45 p.m.;The Prime Minister will participate in an official family photo.;Note for media:Official photographers and host broadcaster
