https://www.pm.gc.ca/en/news/media-advisories/2026/05/19/wednesday-may-20-2026;2026-05-20 08:15:00-07:00;None;Vancouver, British Columbia;-123.113952;49.2608724;The Prime Minister will deliver remarks and participate in a featured conversation with the Greater Vancouver Board of Trade.;Notes for media:Open coverageMedia wishing to cover the event are asked to contact media@pmo-cpm.gc.ca to confirm their attendance. Details on how to participate will be provided upon registration.Media are asked to arrive no later than 7:30 a.m.
https://www.pm.gc.ca/en/news/media-advisories/2026/05/19/wednesday-may-20-2026;2026-05-20 09:30:00-07:00;None;Vancouver, British Columbia;-123.113952;49.2608724; The Prime Minister will meet with the Premier of British Columbia, David Eby.;Note for media:Pooled photo opportunity at the beginning of the meeting
https://www.pm.gc.ca/en/news/media-advisories/2026/05/19/update-tuesday-may-19-2026;2026-05-19 12:10:00-04:00;None;Saint-Michel-des-Saints, Québec;-73.9176803;46.6786221;The Prime Minister will announce an important initiative to build a stronger, more resilient economy.;Notes for media:Open coverageMedia wishing to cover the event are asked to contact media@pmo-cpm.gc.ca to confirm their attendance. Details on how to participate will be provided upon registration.Media are asked to arrive no later than 10:45 a.m.
https://www.pm.gc.ca/en/news/media-advisories/2026/05/19/update-tuesday-may-19-2026;2026-05-19 07:00:00-04:00;None;National Capital Region, Canada;-75.6901106;45.4208777;The Prime Minister will attend a dinner hosted by the Governor General, Her Excellency the Right Honourable Mary Simon, to welcome His Majesty King Felipe VI, King of Spain.;Closed to media
https://www.pm.gc.ca/en/news/media-advisories/2026/05/14/friday-may-15-2026;2026-05-15 11:35:00-06:00;None;Calgary, Alberta;-114.057541;51.0456064; The Prime Minister will deliver brief remarks and participate in a signing ceremony with the Premier of Alberta, Danielle Smith, for an implementation agreement to strengthen energy collaboration and build a stronger, more competitive, and more sustainable economy.;Note for media:Pooled photo opportunity
https://www.pm.gc.ca/en/news/media-advisories/2026/05/14/friday-may-15-2026;2026-05-15 11:50:00-06:00;None;Calgary, Alberta;-114.057541;51.0456064; The Prime Minister will meet with the Premier of Alberta, Danielle Smith.;Closed to media
https://www.pm.gc.ca/en/news/media-advisories/2026/05/14/friday-may-15-2026;2026-05-15 01:10:00-06:00;None;Calgary, Alberta;-114.057541;51.0456064; The Prime Minister will meet with unionised skilled trades workers.;Note for media:Pooled photo opportunity
https://www.pm.gc.ca/en/news/media-advisories/2026/05/14/friday-may-15-2026;2026-05-15 01:25:00-06:00;None;Calgary, Alberta;-114.057541;51.0456064; The Prime Minister will hold a brief media availability.;Notes for media:Open coverageMedia wishing to cover the event are asked to contact media@pmo-cpm.gc.ca to confirm their attendance. Details on how to participate will be provided upon registration.Media are asked to arrive no later than 12:30 p.m.
https://www.pm.gc.ca/en/news/media-advisories/2026/05/13/thursday-may-14-2026;2026-05-14 10:00:00-04:00;None;National Capital Region, Canada;-75.6901106;45.4208777;The Prime Minister will announce a new agenda to deliver clean, affordable, and reliable energy for Canadians.;Third FloorWest BlockParliament HillNotes for media:Open coverageMedia wishing to cover the event must be accredited with the Canadian Parliamentary Press Gallery.
https://www.pm.gc.ca/en/news/media-advisories/2026/05/12/wednesday-may-13-2026;2026-05-13 09:10:00-04:00;None;National Capital Region, Canada;-75.6901106;45.4208777; The Prime Minister will meet Canadian Space Agency astronauts Jeremy Hansen and Jenni Gibbons, as well as members of the Artemis II crew.;Note for media:Pooled photo opportunity at the beginning of the meeting
https://www.pm.gc.ca/en/news/media-advisories/2026/05/12/wednesday-may-13-2026;2026-05-13 09:50:00-04:00;None;National Capital Region, Canada;-75.6901106;45.4208777; The Prime Minister will participate in an activity with students alongside Canadian Space Agency astronauts Jeremy Hansen and Jenni Gibbons, as well as members of the Artemis II crew.;Note for media:Pooled photo opportunity
https://www.pm.gc.ca/en/news/media-advisories/2026/05/12/wednesday-may-13-2026;2026-05-13 11:30:00-04:00;None;National Capital Region, Canada;-75.6901106;45.4208777; The Prime Minister will chair the Cabinet meeting.;Virtual meeting, closed to media
https://www.pm.gc.ca/en/news/media-advisories/2026/05/08/saturday-may-9-2026;2026-05-09 02:00:00-04:00;None;Toronto, Ontario;-79.3839347;43.6534817; The Prime Minister will deliver remarks at the 2026 Global Progress Action Summit.;Notes for media:Open coverageMedia wishing to cover the event are asked to contact media@pmo-cpm.gc.ca to confirm their attendance. Details on how to participate will be provided upon registration.Media are asked to arrive no later than 1:00 p.m.
https://www.pm.gc.ca/en/news/media-advisories/2026/05/07/friday-may-8-2026;2026-05-08 09:30:00-04:00;None;National Capital Region, Canada;-75.6901106;45.4208777;The Prime Minister will meet with the Premier of Alberta, Danielle Smith.;Note for media:Pooled photo opportunity at the beginning of the meeting
https://www.pm.gc.ca/en/news/media-advisories/2026/05/07/friday-may-8-2026;2026-05-08 04:20:00-04:00;None;Toronto, Ontario;-79.3839347;43.6534817;The Prime Minister will visit a youth sports facility.;Note for media:Pooled photo opportunity
https://www.pm.gc.ca/en/news/media-advisories/2026/05/07/friday-may-8-2026;2026-05-08 05:30:00-04:00;None;Toronto, Ontario;-79.3839347;43.6534817;The Prime Minister will meet with the President of Guyana, Dr. Mohamed Irfaan Ali.;Note for media:Pooled photo opportunity at the beginning of the meeting
https://www.pm.gc.ca/en/news/media-advisories/2026/05/07/friday-may-8-2026;2026-05-08 07:00:00-04:00;None;Toronto, Ontario;-79.3839347;43.6534817;The Prime Minister will attend a dinner hosted by Canada 2020.;Closed to media
https://www.pm.gc.ca/en/news/media-advisories/2026/05/06/thursday-may-7-2026;2026-05-07 09:00:00-04:00;None;National Capital Region, Canada;-75.6901106;45.4208777;The Prime Minister will chair the Cabinet meeting.;West BlockParliament Hill
https://www.pm.gc.ca/en/news/media-advisories/2026/05/06/thursday-may-7-2026;2026-05-07 02:00:00-04:00;None;National Capital Region, Canada;-75.6901106;45.4208777;The Prime Minister will meet with Her Royal Highness Princess Margriet of the Netherlands.;Note for media:Pooled photo opportunity at the beginning of the meeting
https://www.pm.gc.ca/en/news/media-advisories/2026/05/05/wednesday-may-6-2026;2026-05-06 10:00:00-04:00;None;National Capital Region, Canada;-75.6901106;45.4208777; The Prime Minister will attend the National Caucus meeting.;West BlockParliament Hill
https://www.pm.gc.ca/en/news/media-advisories/2026/05/05/wednesday-may-6-2026;2026-05-06 02:25:00-04:00;None;Mirabel, Québec;-73.9838454;45.6323151; The Prime Minister will participate in an event to announce a new investment in the Canadian aerospace industry.;Notes for media:Open coverageMedia wishing to cover the event are asked to contact media@pmo-cpm.gc.ca to confirm their attendance. Details on how to participate will be provided upon registration.Media are asked to arrive no later than 1:45 p.m.
https://www.pm.gc.ca/en/news/media-advisories/2026/05/05/wednesday-may-6-2026;2026-05-06 04:25:00-04:00;None;Mirabel, Québec;-73.9838454;45.6323151; The Prime Minister will visit a local business to highlight recent funding to protect our workers and industries.;Note for media:Pooled photo opportunity
https://www.pm.gc.ca/en/news/media-advisories/2026/05/04/tuesday-may-5-2026;2026-05-05 08:45:00-04:00;None;National Capital Region, Canada;-75.6901106;45.4208777;The Prime Minister will participate in a Sacred Bundle Ceremony with the National Family and Survivors Circle to commemorate the National Day of Awareness for Missing and Murdered Indigenous Women, Girls and 2SLGBTQI+ People.;Closed to media
https://www.pm.gc.ca/en/news/media-advisories/2026/05/04/tuesday-may-5-2026;2026-05-05 10:30:00-04:00;None;National Capital Region, Canada;-75.6901106;45.4208777;The Prime Minister will announce a new appointment.;Notes for media:Open coverageMedia wishing to cover the event are asked to contact media@pmo-cpm.gc.ca to confirm their attendance. Details on how to participate will be provided upon registration.Media are asked to arrive no later than 9:45 a.m.
https://www.pm.gc.ca/en/news/media-advisories/2026/05/04/tuesday-may-5-2026;2026-05-05 02:15:00-04:00;None;National Capital Region, Canada;-75.6901106;45.4208777;The Prime Minister will attend Question Period.;West BlockParliament Hill
